TimeStamp;NodeID;NodeCount;Schema;SF;WorkerCount;Item name;CPU ns;USER ns;BLOCKED#;BLOCKED ns;WAITED#;WAITED ns;SUMM all times;Running %;Running total%;Comment
1700514080707;1;1;tpc-di;4000.0;16;ALL#SCHEDULERS;179063691632;67650000000;0;0;2511376;3499469000000;3678532691632;4.868;2518.061;
1700514080707;1;1;tpc-di;4000.0;16;ALL#pdgf.util.caching.experimental.BucketSortOutputFileWriterIMPL$HouseKeeper;4357667763;1290000000;0;0;286485;31156000000;35513667763;12.27;62.255;
1700514080707;1;1;tpc-di;4000.0;16;ALL#worker#0;3219938530;3000000000;11;0;18930;3333000000;6552938530;49.137;46.262;
1700514080707;1;1;tpc-di;4000.0;16;ALL#worker#1;2868246232;2690000000;4;5000000;19624;3567000000;6440246232;44.536;41.318;
1700514080707;1;1;tpc-di;4000.0;16;ALL#worker#10;2709428761;2510000000;5;0;17782;3869000000;6578428761;41.187;39.086;
1700514080707;1;1;tpc-di;4000.0;16;ALL#worker#11;2734144665;2530000000;8;0;17738;3895000000;6629144665;41.244;39.433;
1700514080707;1;1;tpc-di;4000.0;16;ALL#worker#12;2639251383;2460000000;5;0;17732;4057000000;6696251383;39.414;38.099;
1700514080707;1;1;tpc-di;4000.0;16;ALL#worker#13;2421943144;2270000000;4;0;17739;4168000000;6589943144;36.752;35.045;
1700514080707;1;1;tpc-di;4000.0;16;ALL#worker#14;2375300260;2210000000;4;0;17686;4350000000;6725300260;35.319;34.389;
1700514080707;1;1;tpc-di;4000.0;16;ALL#worker#15;2120061564;1950000000;5;0;17603;4467000000;6587061564;32.185;30.801;
1700514080707;1;1;tpc-di;4000.0;16;ALL#worker#2;2981290366;2810000000;4;0;19236;3613000000;6594290366;45.21;42.907;
1700514080707;1;1;tpc-di;4000.0;16;ALL#worker#3;2923279290;2710000000;6;4000000;18928;3675000000;6602279290;44.277;42.092;
1700514080707;1;1;tpc-di;4000.0;16;ALL#worker#4;2901352059;2730000000;4;0;18547;3659000000;6560352059;44.226;41.784;
1700514080707;1;1;tpc-di;4000.0;16;ALL#worker#5;2949241212;2760000000;8;0;18295;3680000000;6629241212;44.488;42.457;
1700514080707;1;1;tpc-di;4000.0;16;ALL#worker#6;2897636476;2750000000;4;0;18070;3701000000;6598636476;43.913;41.731;
1700514080707;1;1;tpc-di;4000.0;16;ALL#worker#7;2836055302;2670000000;5;0;17990;3736000000;6572055302;43.153;40.866;
1700514080707;1;1;tpc-di;4000.0;16;ALL#worker#8;2812754829;2650000000;6;0;17860;3722000000;6534754829;43.043;40.538;
1700514080707;1;1;tpc-di;4000.0;16;ALL#worker#9;2689236365;2550000000;10;0;17825;3800000000;6489236365;41.441;38.802;
1700514080707;1;1;tpc-di;4000.0;16;All#PausedThread;613842512;330000000;3;0;9075;6372000000;6985842512;8.787;9.629;
1700514080707;1;1;tpc-di;4000.0;16;pdgf.core.dataGenerator.CDCUpdateProducer#ALL;255370773;0;0;0;3628;149000000;404370773;63.153;4.59;
1700514080707;1;1;tpc-di;4000.0;16;pdgf.core.dataGenerator.CDCUpdateProducer#BatchDate;1069869;0;0;0;8;0;1069869;100.0;1.015;
1700514080707;1;1;tpc-di;4000.0;16;pdgf.core.dataGenerator.CDCUpdateProducer#Customer;337514;0;0;0;0;0;337514;100.0;1.005;
1700514080707;1;1;tpc-di;4000.0;16;pdgf.core.dataGenerator.CDCUpdateProducer#DailyMarket;100896194;0;0;0;2477;95000000;195896194;51.505;2.418;
1700514080707;1;1;tpc-di;4000.0;16;pdgf.core.dataGenerator.CDCUpdateProducer#WatchHistory;81882776;0;0;0;1143;54000000;135882776;60.26;2.151;
1700514080707;1;1;tpc-di;4000.0;16;pdgf.core.dataGenerator.scheduler.DbDumpUpdateScheduler#Prospect;1045756;0;0;0;6;126000000;127045756;0.823;1.015;
1700514080707;1;1;tpc-di;4000.0;16;pdgf.core.dataGenerator.scheduler.DefaultScheduler#Date;185928;0;0;0;0;0;185928;99.999;1.003;
1700514080707;1;1;tpc-di;4000.0;16;pdgf.core.dataGenerator.scheduler.DefaultScheduler#HR;170177;0;0;0;0;0;170177;99.999;1.002;
1700514080707;1;1;tpc-di;4000.0;16;pdgf.core.dataGenerator.scheduler.DefaultScheduler#Industry;52428;0;0;0;0;0;52428;99.998;1.001;
1700514080707;1;1;tpc-di;4000.0;16;pdgf.core.dataGenerator.scheduler.DefaultScheduler#StatusType;784741;0;0;0;0;0;784741;100.0;1.011;
1700514080707;1;1;tpc-di;4000.0;16;pdgf.core.dataGenerator.scheduler.DefaultScheduler#TaxRate;148033;0;0;0;0;0;148033;99.999;1.002;
1700514080707;1;1;tpc-di;4000.0;16;pdgf.core.dataGenerator.scheduler.DefaultScheduler#Time;150586;0;0;0;0;0;150586;99.999;1.002;
1700514080707;1;1;tpc-di;4000.0;16;pdgf.core.dataGenerator.scheduler.DefaultScheduler#TradeType;67751;0;0;0;0;0;67751;99.999;1.001;
1700514080707;1;1;tpc-di;4000.0;16;pdgf.core.dataGenerator.scheduler.UpdateScheduler#Account;643903;0;0;0;3;0;643903;100.0;1.009;
1700514080707;1;1;tpc-di;4000.0;16;pdgf.core.dataGenerator.scheduler.UpdateScheduler#BatchDate;775934;0;0;0;6;1000000;1775934;43.692;1.011;
1700514080707;1;1;tpc-di;4000.0;16;pdgf.core.dataGenerator.scheduler.UpdateScheduler#Customer;469472;0;0;0;3;1000000;1469472;31.948;1.007;
1700514080707;1;1;tpc-di;4000.0;16;pdgf.core.dataGenerator.scheduler.UpdateScheduler#DailyMarket;16312499515;4350000000;0;0;289904;441626000000;457938499515;3.562;230.301;
1700514080707;1;1;tpc-di;4000.0;16;pdgf.core.dataGenerator.scheduler.UpdateScheduler#FINWIRE;2252338384;1200000000;0;0;21476;56048000000;58300338384;3.863;32.661;
1700514080707;1;1;tpc-di;4000.0;16;pdgf.core.dataGenerator.scheduler.UpdateScheduler#TradeSource;153305355127;62030000000;0;0;2091388;2828740000000;2982045355127;5.141;2155.981;
1700514080707;1;1;tpc-di;4000.0;16;pdgf.core.dataGenerator.scheduler.UpdateScheduler#WatchHistory;6984669591;0;0;0;108430;172927000000;179911669591;3.882;99.182;
1700514080707;1;1;tpc-di;4000.0;16;pdgf.core.dataGenerator.worker.DbDumpRowWorker#worker#0;109419549;100000000;0;0;12;24000000;133419549;82.012;2.538;
1700514080707;1;1;tpc-di;4000.0;16;pdgf.core.dataGenerator.worker.DbDumpRowWorker#worker#1;96881364;90000000;0;0;15;21000000;117881364;82.185;2.362;
1700514080707;1;1;tpc-di;4000.0;16;pdgf.core.dataGenerator.worker.DbDumpRowWorker#worker#10;115006100;110000000;0;0;12;20000000;135006100;85.186;2.617;
1700514080707;1;1;tpc-di;4000.0;16;pdgf.core.dataGenerator.worker.DbDumpRowWorker#worker#11;87503908;80000000;1;0;11;24000000;111503908;78.476;2.23;
1700514080707;1;1;tpc-di;4000.0;16;pdgf.core.dataGenerator.worker.DbDumpRowWorker#worker#12;117689543;110000000;1;0;13;19000000;136689543;86.1;2.654;
1700514080707;1;1;tpc-di;4000.0;16;pdgf.core.dataGenerator.worker.DbDumpRowWorker#worker#13;110765192;110000000;1;0;10;16000000;126765192;87.378;2.557;
1700514080707;1;1;tpc-di;4000.0;16;pdgf.core.dataGenerator.worker.DbDumpRowWorker#worker#14;113766298;110000000;0;0;13;27000000;140766298;80.819;2.599;
1700514080707;1;1;tpc-di;4000.0;16;pdgf.core.dataGenerator.worker.DbDumpRowWorker#worker#15;90014469;90000000;1;0;14;32000000;122014469;73.774;2.265;
1700514080707;1;1;tpc-di;4000.0;16;pdgf.core.dataGenerator.worker.DbDumpRowWorker#worker#2;118344930;110000000;0;0;13;27000000;145344930;81.424;2.664;
1700514080707;1;1;tpc-di;4000.0;16;pdgf.core.dataGenerator.worker.DbDumpRowWorker#worker#3;119524928;110000000;0;0;12;15000000;134524928;88.85;2.68;
1700514080707;1;1;tpc-di;4000.0;16;pdgf.core.dataGenerator.worker.DbDumpRowWorker#worker#4;100158006;100000000;0;0;12;12000000;112158006;89.301;2.408;
1700514080707;1;1;tpc-di;4000.0;16;pdgf.core.dataGenerator.worker.DbDumpRowWorker#worker#5;110547474;110000000;1;0;12;15000000;125547474;88.052;2.554;
1700514080707;1;1;tpc-di;4000.0;16;pdgf.core.dataGenerator.worker.DbDumpRowWorker#worker#6;108811181;100000000;0;0;15;12000000;120811181;90.067;2.53;
1700514080707;1;1;tpc-di;4000.0;16;pdgf.core.dataGenerator.worker.DbDumpRowWorker#worker#7;89173085;80000000;0;0;14;19000000;108173085;82.436;2.253;
1700514080707;1;1;tpc-di;4000.0;16;pdgf.core.dataGenerator.worker.DbDumpRowWorker#worker#8;130147809;130000000;0;0;13;21000000;151147809;86.106;2.829;
1700514080707;1;1;tpc-di;4000.0;16;pdgf.core.dataGenerator.worker.DbDumpRowWorker#worker#9;99524837;90000000;1;0;11;18000000;117524837;84.684;2.399;
1700514080707;1;1;tpc-di;4000.0;16;pdgf.core.dataGenerator.worker.RowWorker#worker#0;579120409;560000000;2;0;15;52000000;631120409;91.761;9.141;
1700514080707;1;1;tpc-di;4000.0;16;pdgf.core.dataGenerator.worker.RowWorker#worker#1;409516030;400000000;0;0;17;58000000;467516030;87.594;6.756;
1700514080707;1;1;tpc-di;4000.0;16;pdgf.core.dataGenerator.worker.RowWorker#worker#10;495854791;480000000;1;0;15;66000000;561854791;88.253;7.97;
1700514080707;1;1;tpc-di;4000.0;16;pdgf.core.dataGenerator.worker.RowWorker#worker#11;579382812;560000000;3;0;14;60000000;639382812;90.616;9.144;
1700514080707;1;1;tpc-di;4000.0;16;pdgf.core.dataGenerator.worker.RowWorker#worker#12;580633242;570000000;3;0;15;82000000;662633242;87.625;9.162;
1700514080707;1;1;tpc-di;4000.0;16;pdgf.core.dataGenerator.worker.RowWorker#worker#13;479548174;470000000;1;0;17;82000000;561548174;85.398;7.741;
1700514080707;1;1;tpc-di;4000.0;16;pdgf.core.dataGenerator.worker.RowWorker#worker#14;584297143;560000000;3;0;15;61000000;645297143;90.547;9.213;
1700514080707;1;1;tpc-di;4000.0;16;pdgf.core.dataGenerator.worker.RowWorker#worker#15;451934969;440000000;1;0;16;85000000;536934969;84.169;7.353;
1700514080707;1;1;tpc-di;4000.0;16;pdgf.core.dataGenerator.worker.RowWorker#worker#2;509872114;490000000;2;0;16;86000000;595872114;85.567;8.167;
1700514080707;1;1;tpc-di;4000.0;16;pdgf.core.dataGenerator.worker.RowWorker#worker#3;511109813;500000000;3;0;19;84000000;595109813;85.885;8.185;
1700514080707;1;1;tpc-di;4000.0;16;pdgf.core.dataGenerator.worker.RowWorker#worker#4;539773994;520000000;1;0;16;60000000;599773994;89.996;8.587;
1700514080707;1;1;tpc-di;4000.0;16;pdgf.core.dataGenerator.worker.RowWorker#worker#5;583917237;550000000;2;0;17;63000000;646917237;90.262;9.208;
1700514080707;1;1;tpc-di;4000.0;16;pdgf.core.dataGenerator.worker.RowWorker#worker#6;546405630;540000000;1;0;16;62000000;608405630;89.809;8.681;
1700514080707;1;1;tpc-di;4000.0;16;pdgf.core.dataGenerator.worker.RowWorker#worker#7;518849346;510000000;2;0;18;91000000;609849346;85.078;8.293;
1700514080707;1;1;tpc-di;4000.0;16;pdgf.core.dataGenerator.worker.RowWorker#worker#8;444592675;440000000;2;0;17;74000000;518592675;85.731;7.25;
1700514080707;1;1;tpc-di;4000.0;16;pdgf.core.dataGenerator.worker.RowWorker#worker#9;416954791;410000000;2;0;15;85000000;501954791;83.066;6.861;
1700514080707;1;1;tpc-di;4000.0;16;pdgf.core.dataGenerator.worker.UpdateRowWorker#worker#0;2332085949;2150000000;7;0;17801;3051000000;5383085949;43.322;33.782;
1700514080707;1;1;tpc-di;4000.0;16;pdgf.core.dataGenerator.worker.UpdateRowWorker#worker#1;2305245510;2150000000;2;5000000;18360;3131000000;5441245510;42.366;33.404;
1700514080707;1;1;tpc-di;4000.0;16;pdgf.core.dataGenerator.worker.UpdateRowWorker#worker#10;2086270393;1910000000;3;0;16526;3382000000;5468270393;38.152;30.326;
1700514080707;1;1;tpc-di;4000.0;16;pdgf.core.dataGenerator.worker.UpdateRowWorker#worker#11;2054848294;1870000000;3;0;16495;3411000000;5465848294;37.594;29.885;
1700514080707;1;1;tpc-di;4000.0;16;pdgf.core.dataGenerator.worker.UpdateRowWorker#worker#12;1932216936;1780000000;1;0;16511;3552000000;5484216936;35.232;28.161;
1700514080707;1;1;tpc-di;4000.0;16;pdgf.core.dataGenerator.worker.UpdateRowWorker#worker#13;1818592027;1680000000;1;0;16523;3671000000;5489592027;33.128;26.564;
1700514080707;1;1;tpc-di;4000.0;16;pdgf.core.dataGenerator.worker.UpdateRowWorker#worker#14;1665528189;1530000000;0;0;16497;3861000000;5526528189;30.137;24.412;
1700514080707;1;1;tpc-di;4000.0;16;pdgf.core.dataGenerator.worker.UpdateRowWorker#worker#15;1567060775;1410000000;1;0;16424;3948000000;5515060775;28.414;23.028;
1700514080707;1;1;tpc-di;4000.0;16;pdgf.core.dataGenerator.worker.UpdateRowWorker#worker#2;2324598093;2190000000;1;0;17939;3113000000;5437598093;42.75;33.676;
1700514080707;1;1;tpc-di;4000.0;16;pdgf.core.dataGenerator.worker.UpdateRowWorker#worker#3;2280414625;2100000000;2;4000000;17596;3173000000;5457414625;41.786;33.055;
1700514080707;1;1;tpc-di;4000.0;16;pdgf.core.dataGenerator.worker.UpdateRowWorker#worker#4;2250238404;2110000000;1;0;17230;3183000000;5433238404;41.416;32.631;
1700514080707;1;1;tpc-di;4000.0;16;pdgf.core.dataGenerator.worker.UpdateRowWorker#worker#5;2242658467;2100000000;1;0;16992;3202000000;5444658467;41.19;32.525;
1700514080707;1;1;tpc-di;4000.0;16;pdgf.core.dataGenerator.worker.UpdateRowWorker#worker#6;2231353105;2100000000;2;0;16772;3224000000;5455353105;40.902;32.366;
1700514080707;1;1;tpc-di;4000.0;16;pdgf.core.dataGenerator.worker.UpdateRowWorker#worker#7;2218008032;2080000000;1;0;16700;3223000000;5441008032;40.765;32.178;
1700514080707;1;1;tpc-di;4000.0;16;pdgf.core.dataGenerator.worker.UpdateRowWorker#worker#8;2225527840;2080000000;2;0;16577;3226000000;5451527840;40.824;32.284;
1700514080707;1;1;tpc-di;4000.0;16;pdgf.core.dataGenerator.worker.UpdateRowWorker#worker#9;2163298001;2050000000;4;0;16566;3293000000;5456298001;39.648;31.409;
1700514080707;1;1;tpc-di;4000.0;16;tpc.di.CustomerAccountBlackBox$CustomerAccountUpdateProducer#ALL;419432;0;0;0;1;0;419432;100.0;1.006;
1700514080707;1;1;tpc-di;4000.0;16;tpc.di.CustomerAccountBlackBox$CustomerAccountUpdateProducer#Account;298947;0;0;0;1;0;298947;100.0;1.004;
1700514080707;1;1;tpc-di;4000.0;16;tpc.di.MergeUpdateBlackBox$MergeUpdateProducer#FINWIRE;45142950;0;0;0;758;124000000;169142950;26.689;1.635;
1700514080707;1;1;tpc-di;4000.0;16;tpc.di.TradeSourceUpdateBlackBox$TradeSourceUpdateProducer#ALL;378649511;0;0;0;7372;200000000;578649511;65.437;6.323;
1700514080707;1;1;tpc-di;4000.0;16;tpc.di.TradeSourceUpdateBlackBox$TradeSourceUpdateProducer#TradeSource;270304470;0;0;0;7372;200000000;470304470;57.474;4.8;
1700514080707;1;1;tpc-di;4000.0;16;tpc.di.scheduler.CustomerMgmtScheduler#CustomerMgmt;49424279;0;0;0;160;0;49424279;100.0;1.695;
1700514080707;1;1;tpc-di;4000.0;16;tpc.di.scheduler.CustomerMgmtUpdateRowWorker#worker#0;198539395;190000000;0;0;1102;206000000;404539395;49.078;3.791;
1700514080707;1;1;tpc-di;4000.0;16;tpc.di.scheduler.CustomerMgmtUpdateRowWorker#worker#1;55917750;50000000;1;0;1232;357000000;412917750;13.542;1.786;
1700514080707;1;1;tpc-di;4000.0;16;tpc.di.scheduler.CustomerMgmtUpdateRowWorker#worker#10;11675541;10000000;0;0;1229;401000000;412675541;2.829;1.164;
1700514080707;1;1;tpc-di;4000.0;16;tpc.di.scheduler.CustomerMgmtUpdateRowWorker#worker#11;11738466;0;1;0;1218;400000000;411738466;2.851;1.165;
1700514080707;1;1;tpc-di;4000.0;16;tpc.di.scheduler.CustomerMgmtUpdateRowWorker#worker#12;8171848;0;0;0;1193;404000000;412171848;1.983;1.115;
1700514080707;1;1;tpc-di;4000.0;16;tpc.di.scheduler.CustomerMgmtUpdateRowWorker#worker#13;12549095;10000000;1;0;1189;399000000;411549095;3.049;1.176;
1700514080707;1;1;tpc-di;4000.0;16;tpc.di.scheduler.CustomerMgmtUpdateRowWorker#worker#14;10815692;10000000;0;0;1161;401000000;411815692;2.626;1.152;
1700514080707;1;1;tpc-di;4000.0;16;tpc.di.scheduler.CustomerMgmtUpdateRowWorker#worker#15;10450184;10000000;1;0;1149;402000000;412450184;2.534;1.147;
1700514080707;1;1;tpc-di;4000.0;16;tpc.di.scheduler.CustomerMgmtUpdateRowWorker#worker#2;27773244;20000000;0;0;1268;387000000;414773244;6.696;1.39;
1700514080707;1;1;tpc-di;4000.0;16;tpc.di.scheduler.CustomerMgmtUpdateRowWorker#worker#3;11551830;0;0;0;1301;403000000;414551830;2.787;1.162;
1700514080707;1;1;tpc-di;4000.0;16;tpc.di.scheduler.CustomerMgmtUpdateRowWorker#worker#4;10512336;0;0;0;1289;404000000;414512336;2.536;1.148;
1700514080707;1;1;tpc-di;4000.0;16;tpc.di.scheduler.CustomerMgmtUpdateRowWorker#worker#5;11461449;0;0;0;1274;400000000;411461449;2.786;1.161;
1700514080707;1;1;tpc-di;4000.0;16;tpc.di.scheduler.CustomerMgmtUpdateRowWorker#worker#6;10411534;10000000;1;0;1267;403000000;413411534;2.518;1.146;
1700514080707;1;1;tpc-di;4000.0;16;tpc.di.scheduler.CustomerMgmtUpdateRowWorker#worker#7;9309120;0;1;0;1258;403000000;412309120;2.258;1.131;
1700514080707;1;1;tpc-di;4000.0;16;tpc.di.scheduler.CustomerMgmtUpdateRowWorker#worker#8;11573143;0;0;0;1253;401000000;412573143;2.805;1.163;
1700514080707;1;1;tpc-di;4000.0;16;tpc.di.scheduler.CustomerMgmtUpdateRowWorker#worker#9;8802294;0;1;0;1233;404000000;412802294;2.132;1.124;
1700514110740;1;1;tpc-di;3000.0;16;ALL#SCHEDULERS;162074783947;87280000000;0;0;2552593;3088787000000;3250861783947;4.986;2661.016;
1700514110740;1;1;tpc-di;3000.0;16;ALL#pdgf.util.caching.experimental.BucketSortOutputFileWriterIMPL$HouseKeeper;4426435789;1340000000;0;0;306196;27652000000;32078435789;13.799;73.648;
1700514110740;1;1;tpc-di;3000.0;16;ALL#worker#0;2490507896;2270000000;9;2000000;19775;3145000000;5637507896;44.177;41.875;
1700514110740;1;1;tpc-di;3000.0;16;ALL#worker#1;2342397816;2200000000;5;2000000;20673;3320000000;5664397816;41.353;39.444;
1700514110740;1;1;tpc-di;3000.0;16;ALL#worker#10;2084247017;1920000000;4;0;18664;3611000000;5695247017;36.596;35.207;
1700514110740;1;1;tpc-di;3000.0;16;ALL#worker#11;1993791241;1840000000;8;6000000;18653;3671000000;5670791241;35.159;33.723;
1700514110740;1;1;tpc-di;3000.0;16;ALL#worker#12;1962227064;1800000000;6;0;18524;3717000000;5679227064;34.551;33.205;
1700514110740;1;1;tpc-di;3000.0;16;ALL#worker#13;1860977056;1730000000;5;0;18495;3896000000;5756977056;32.326;31.543;
1700514110740;1;1;tpc-di;3000.0;16;ALL#worker#14;1685489621;1540000000;4;0;18407;3956000000;5641489621;29.877;28.663;
1700514110740;1;1;tpc-di;3000.0;16;ALL#worker#15;1661127906;1560000000;4;0;18240;4069000000;5730127906;28.989;28.263;
1700514110740;1;1;tpc-di;3000.0;16;ALL#worker#2;2292592456;2120000000;8;3000000;19924;3358000000;5653592456;40.551;38.627;
1700514110740;1;1;tpc-di;3000.0;16;ALL#worker#3;2175520651;2030000000;8;0;19433;3385000000;5560520651;39.124;36.705;
1700514110740;1;1;tpc-di;3000.0;16;ALL#worker#4;2223514947;2120000000;8;4000000;19181;3445000000;5672514947;39.198;37.493;
1700514110740;1;1;tpc-di;3000.0;16;ALL#worker#5;2206113238;2030000000;8;5000000;18932;3404000000;5615113238;39.289;37.207;
1700514110740;1;1;tpc-di;3000.0;16;ALL#worker#6;2233103938;2080000000;9;1000000;18799;3400000000;5634103938;39.635;37.65;
1700514110740;1;1;tpc-di;3000.0;16;ALL#worker#7;2134380681;1970000000;6;0;18861;3483000000;5617380681;37.996;36.03;
1700514110740;1;1;tpc-di;3000.0;16;ALL#worker#8;2161901825;1980000000;6;5000000;18757;3495000000;5661901825;38.183;36.482;
1700514110740;1;1;tpc-di;3000.0;16;ALL#worker#9;2106775471;1940000000;8;0;18722;3537000000;5643775471;37.329;35.577;
1700514110740;1;1;tpc-di;3000.0;16;All#PausedThread;589479422;320000000;0;0;8745;5376000000;5965479422;9.882;10.675;
1700514110740;1;1;tpc-di;3000.0;16;pdgf.core.dataGenerator.CDCUpdateProducer#ALL;240330043;0;1;0;4236;112000000;352330043;68.212;4.944;
1700514110740;1;1;tpc-di;3000.0;16;pdgf.core.dataGenerator.CDCUpdateProducer#BatchDate;1389249;0;0;0;11;0;1389249;100.0;1.023;
1700514110740;1;1;tpc-di;3000.0;16;pdgf.core.dataGenerator.CDCUpdateProducer#Customer;141163;0;0;0;0;0;141163;99.999;1.002;
1700514110740;1;1;tpc-di;3000.0;16;pdgf.core.dataGenerator.CDCUpdateProducer#DailyMarket;95032229;0;0;0;2886;49000000;144032229;65.98;2.56;
1700514110740;1;1;tpc-di;3000.0;16;pdgf.core.dataGenerator.CDCUpdateProducer#WatchHistory;75108639;0;0;0;1339;63000000;138108639;54.384;2.233;
1700514110740;1;1;tpc-di;3000.0;16;pdgf.core.dataGenerator.scheduler.DbDumpUpdateScheduler#Prospect;1094261;0;0;0;6;73000000;74094261;1.477;1.018;
1700514110740;1;1;tpc-di;3000.0;16;pdgf.core.dataGenerator.scheduler.DefaultScheduler#Date;268781;0;0;0;0;0;268781;100.0;1.004;
1700514110740;1;1;tpc-di;3000.0;16;pdgf.core.dataGenerator.scheduler.DefaultScheduler#HR;208021;0;0;0;0;0;208021;100.0;1.003;
1700514110740;1;1;tpc-di;3000.0;16;pdgf.core.dataGenerator.scheduler.DefaultScheduler#Industry;56637;0;0;0;0;0;56637;99.998;1.001;
1700514110740;1;1;tpc-di;3000.0;16;pdgf.core.dataGenerator.scheduler.DefaultScheduler#StatusType;1254894;0;0;0;0;0;1254894;100.0;1.021;
1700514110740;1;1;tpc-di;3000.0;16;pdgf.core.dataGenerator.scheduler.DefaultScheduler#TaxRate;251066;0;0;0;0;0;251066;100.0;1.004;
1700514110740;1;1;tpc-di;3000.0;16;pdgf.core.dataGenerator.scheduler.DefaultScheduler#Time;163207;0;0;0;0;0;163207;99.999;1.003;
1700514110740;1;1;tpc-di;3000.0;16;pdgf.core.dataGenerator.scheduler.DefaultScheduler#TradeType;86283;0;0;0;0;0;86283;99.999;1.001;
1700514110740;1;1;tpc-di;3000.0;16;pdgf.core.dataGenerator.scheduler.UpdateScheduler#Account;551042;0;0;0;3;3000000;3551042;15.518;1.009;
1700514110740;1;1;tpc-di;3000.0;16;pdgf.core.dataGenerator.scheduler.UpdateScheduler#BatchDate;1148078;0;0;0;6;1000000;2148078;53.447;1.019;
1700514110740;1;1;tpc-di;3000.0;16;pdgf.core.dataGenerator.scheduler.UpdateScheduler#Customer;482641;0;0;0;3;2000000;2482641;19.441;1.008;
1700514110740;1;1;tpc-di;3000.0;16;pdgf.core.dataGenerator.scheduler.UpdateScheduler#DailyMarket;15754850757;3250000000;0;0;298523;334797000000;350551850757;4.494;259.573;
1700514110740;1;1;tpc-di;3000.0;16;pdgf.core.dataGenerator.scheduler.UpdateScheduler#FINWIRE;2074796125;0;0;0;22358;52858000000;54932796125;3.777;35.052;
1700514110740;1;1;tpc-di;3000.0;16;pdgf.core.dataGenerator.scheduler.UpdateScheduler#TradeSource;137726494975;83340000000;0;0;2125689;2558692000000;2696418494975;5.108;2261.405;
1700514110740;1;1;tpc-di;3000.0;16;pdgf.core.dataGenerator.scheduler.UpdateScheduler#WatchHistory;6306878774;630000000;0;0;105839;142361000000;148667878774;4.242;104.51;
1700514110740;1;1;tpc-di;3000.0;16;pdgf.core.dataGenerator.worker.DbDumpRowWorker#worker#0;56614727;50000000;1;0;12;18000000;74614727;75.876;1.929;
1700514110740;1;1;tpc-di;3000.0;16;pdgf.core.dataGenerator.worker.DbDumpRowWorker#worker#1;74734131;70000000;0;0;14;20000000;94734131;78.888;2.227;
1700514110740;1;1;tpc-di;3000.0;16;pdgf.core.dataGenerator.worker.DbDumpRowWorker#worker#10;66282006;60000000;0;0;12;10000000;76282006;86.891;2.088;
1700514110740;1;1;tpc-di;3000.0;16;pdgf.core.dataGenerator.worker.DbDumpRowWorker#worker#11;68322147;60000000;1;0;13;19000000;87322147;78.241;2.121;
1700514110740;1;1;tpc-di;3000.0;16;pdgf.core.dataGenerator.worker.DbDumpRowWorker#worker#12;67785392;60000000;0;0;10;12000000;79785392;84.96;2.113;
1700514110740;1;1;tpc-di;3000.0;16;pdgf.core.dataGenerator.worker.DbDumpRowWorker#worker#13;63052230;60000000;0;0;11;22000000;85052230;74.134;2.035;
1700514110740;1;1;tpc-di;3000.0;16;pdgf.core.dataGenerator.worker.DbDumpRowWorker#worker#14;69958893;60000000;0;0;12;12000000;81958893;85.359;2.148;
1700514110740;1;1;tpc-di;3000.0;16;pdgf.core.dataGenerator.worker.DbDumpRowWorker#worker#15;47078685;40000000;0;0;12;18000000;65078685;72.341;1.773;
1700514110740;1;1;tpc-di;3000.0;16;pdgf.core.dataGenerator.worker.DbDumpRowWorker#worker#2;51893252;50000000;0;0;10;27000000;78893252;65.777;1.852;
1700514110740;1;1;tpc-di;3000.0;16;pdgf.core.dataGenerator.worker.DbDumpRowWorker#worker#3;39309494;30000000;0;0;12;35000000;74309494;52.9;1.645;
1700514110740;1;1;tpc-di;3000.0;16;pdgf.core.dataGenerator.worker.DbDumpRowWorker#worker#4;51094368;50000000;1;0;11;28000000;79094368;64.599;1.839;
1700514110740;1;1;tpc-di;3000.0;16;pdgf.core.dataGenerator.worker.DbDumpRowWorker#worker#5;55130762;50000000;0;0;12;21000000;76130762;72.416;1.905;
1700514110740;1;1;tpc-di;3000.0;16;pdgf.core.dataGenerator.worker.DbDumpRowWorker#worker#6;88705824;80000000;0;0;11;13000000;101705824;87.218;2.456;
1700514110740;1;1;tpc-di;3000.0;16;pdgf.core.dataGenerator.worker.DbDumpRowWorker#worker#7;77607429;70000000;0;0;12;10000000;87607429;88.585;2.274;
1700514110740;1;1;tpc-di;3000.0;16;pdgf.core.dataGenerator.worker.DbDumpRowWorker#worker#8;78900772;70000000;0;0;10;14000000;92900772;84.93;2.295;
1700514110740;1;1;tpc-di;3000.0;16;pdgf.core.dataGenerator.worker.DbDumpRowWorker#worker#9;71925025;70000000;1;0;12;22000000;93925025;76.577;2.18;
1700514110740;1;1;tpc-di;3000.0;16;pdgf.core.dataGenerator.worker.RowWorker#worker#0;397852323;370000000;1;0;26;64000000;461852323;86.143;7.53;
1700514110740;1;1;tpc-di;3000.0;16;pdgf.core.dataGenerator.worker.RowWorker#worker#1;363498205;350000000;3;2000000;24;61000000;426498205;85.229;6.966;
1700514110740;1;1;tpc-di;3000.0;16;pdgf.core.dataGenerator.worker.RowWorker#worker#10;334458158;320000000;2;0;23;101000000;435458158;76.806;6.489;
1700514110740;1;1;tpc-di;3000.0;16;pdgf.core.dataGenerator.worker.RowWorker#worker#11;323245073;310000000;1;4000000;25;84000000;411245073;78.602;6.305;
1700514110740;1;1;tpc-di;3000.0;16;pdgf.core.dataGenerator.worker.RowWorker#worker#12;327186008;320000000;3;0;23;85000000;412186008;79.378;6.37;
1700514110740;1;1;tpc-di;3000.0;16;pdgf.core.dataGenerator.worker.RowWorker#worker#13;358568153;340000000;2;0;24;108000000;466568153;76.852;6.885;
1700514110740;1;1;tpc-di;3000.0;16;pdgf.core.dataGenerator.worker.RowWorker#worker#14;265686162;260000000;3;0;23;66000000;331686162;80.102;5.361;
1700514110740;1;1;tpc-di;3000.0;16;pdgf.core.dataGenerator.worker.RowWorker#worker#15;354898016;340000000;1;0;24;79000000;433898016;81.793;6.825;
1700514110740;1;1;tpc-di;3000.0;16;pdgf.core.dataGenerator.worker.RowWorker#worker#2;356305351;340000000;3;3000000;24;66000000;425305351;83.776;6.848;
1700514110740;1;1;tpc-di;3000.0;16;pdgf.core.dataGenerator.worker.RowWorker#worker#3;284008972;280000000;2;0;27;69000000;353008972;80.454;5.661;
1700514110740;1;1;tpc-di;3000.0;16;pdgf.core.dataGenerator.worker.RowWorker#worker#4;335808501;330000000;2;0;25;93000000;428808501;78.312;6.511;
1700514110740;1;1;tpc-di;3000.0;16;pdgf.core.dataGenerator.worker.RowWorker#worker#5;319813759;300000000;2;4000000;26;62000000;385813759;82.893;6.249;
1700514110740;1;1;tpc-di;3000.0;16;pdgf.core.dataGenerator.worker.RowWorker#worker#6;322061307;320000000;2;0;24;76000000;398061307;80.907;6.286;
1700514110740;1;1;tpc-di;3000.0;16;pdgf.core.dataGenerator.worker.RowWorker#worker#7;282535710;270000000;2;0;22;79000000;361535710;78.149;5.637;
1700514110740;1;1;tpc-di;3000.0;16;pdgf.core.dataGenerator.worker.RowWorker#worker#8;325376698;320000000;2;5000000;21;88000000;418376698;77.771;6.34;
1700514110740;1;1;tpc-di;3000.0;16;pdgf.core.dataGenerator.worker.RowWorker#worker#9;308807003;300000000;2;0;25;69000000;377807003;81.737;6.068;
1700514110740;1;1;tpc-di;3000.0;16;pdgf.core.dataGenerator.worker.UpdateRowWorker#worker#0;1868724004;1690000000;4;2000000;18650;2851000000;4721724004;39.577;31.67;
1700514110740;1;1;tpc-di;3000.0;16;pdgf.core.dataGenerator.worker.UpdateRowWorker#worker#1;1853837308;1740000000;1;0;19403;2904000000;4757837308;38.964;31.426;
1700514110740;1;1;tpc-di;3000.0;16;pdgf.core.dataGenerator.worker.UpdateRowWorker#worker#10;1673515880;1540000000;1;0;17424;3126000000;4799515880;34.868;28.466;
1700514110740;1;1;tpc-di;3000.0;16;pdgf.core.dataGenerator.worker.UpdateRowWorker#worker#11;1590372020;1470000000;3;2000000;17417;3196000000;4788372020;33.213;27.102;
1700514110740;1;1;tpc-di;3000.0;16;pdgf.core.dataGenerator.worker.UpdateRowWorker#worker#12;1555444005;1420000000;2;0;17296;3248000000;4803444005;32.382;26.528;
1700514110740;1;1;tpc-di;3000.0;16;pdgf.core.dataGenerator.worker.UpdateRowWorker#worker#13;1427975372;1320000000;2;0;17311;3394000000;4821975372;29.614;24.436;
1700514110740;1;1;tpc-di;3000.0;16;pdgf.core.dataGenerator.worker.UpdateRowWorker#worker#14;1339697234;1220000000;1;0;17239;3504000000;4843697234;27.659;22.987;
1700514110740;1;1;tpc-di;3000.0;16;pdgf.core.dataGenerator.worker.UpdateRowWorker#worker#15;1244074704;1170000000;2;0;17099;3603000000;4847074704;25.667;21.418;
1700514110740;1;1;tpc-di;3000.0;16;pdgf.core.dataGenerator.worker.UpdateRowWorker#worker#2;1863218925;1720000000;1;0;18622;2900000000;4763218925;39.117;31.58;
1700514110740;1;1;tpc-di;3000.0;16;pdgf.core.dataGenerator.worker.UpdateRowWorker#worker#3;1839740004;1720000000;4;0;18114;2907000000;4746740004;38.758;31.194;
1700514110740;1;1;tpc-di;3000.0;16;pdgf.core.dataGenerator.worker.UpdateRowWorker#worker#4;1823528529;1740000000;4;4000000;17904;2951000000;4778528529;38.161;30.928;
1700514110740;1;1;tpc-di;3000.0;16;pdgf.core.dataGenerator.worker.UpdateRowWorker#worker#5;1815888719;1670000000;2;1000000;17654;2951000000;4767888719;38.086;30.803;
1700514110740;1;1;tpc-di;3000.0;16;pdgf.core.dataGenerator.worker.UpdateRowWorker#worker#6;1802702228;1670000000;4;1000000;17548;2945000000;4748702228;37.962;30.586;
1700514110740;1;1;tpc-di;3000.0;16;pdgf.core.dataGenerator.worker.UpdateRowWorker#worker#7;1763527809;1630000000;3;0;17597;3019000000;4782527809;36.874;29.944;
1700514110740;1;1;tpc-di;3000.0;16;pdgf.core.dataGenerator.worker.UpdateRowWorker#worker#8;1747668216;1590000000;2;0;17498;3018000000;4765668216;36.672;29.683;
1700514110740;1;1;tpc-di;3000.0;16;pdgf.core.dataGenerator.worker.UpdateRowWorker#worker#9;1712974727;1570000000;1;0;17479;3073000000;4785974727;35.792;29.114;
1700514110740;1;1;tpc-di;3000.0;16;tpc.di.CustomerAccountBlackBox$CustomerAccountUpdateProducer#ALL;504058;0;0;0;4;0;504058;100.0;1.008;
1700514110740;1;1;tpc-di;3000.0;16;tpc.di.CustomerAccountBlackBox$CustomerAccountUpdateProducer#Account;339552;0;0;0;4;0;339552;100.0;1.006;
1700514110740;1;1;tpc-di;3000.0;16;tpc.di.MergeUpdateBlackBox$MergeUpdateProducer#FINWIRE;39386052;0;0;0;802;93000000;132386052;29.751;1.646;
1700514110740;1;1;tpc-di;3000.0;16;tpc.di.TradeSourceUpdateBlackBox$TradeSourceUpdateProducer#ALL;352210832;0;0;0;6640;139000000;491210832;71.703;6.781;
1700514110740;1;1;tpc-di;3000.0;16;tpc.di.TradeSourceUpdateBlackBox$TradeSourceUpdateProducer#TradeSource;254414639;0;0;0;6640;139000000;393414639;64.668;5.176;
1700514110740;1;1;tpc-di;3000.0;16;tpc.di.scheduler.CustomerMgmtScheduler#CustomerMgmt;56700824;0;0;0;166;0;56700824;100.0;1.931;
1700514110740;1;1;tpc-di;3000.0;16;tpc.di.scheduler.CustomerMgmtUpdateRowWorker#worker#0;166538220;160000000;1;0;1087;212000000;378538220;43.995;3.733;
1700514110740;1;1;tpc-di;3000.0;16;tpc.di.scheduler.CustomerMgmtUpdateRowWorker#worker#1;49477250;40000000;0;0;1232;335000000;384477250;12.869;1.812;
1700514110740;1;1;tpc-di;3000.0;16;tpc.di.scheduler.CustomerMgmtUpdateRowWorker#worker#10;9344135;0;0;0;1205;374000000;383344135;2.438;1.153;
1700514110740;1;1;tpc-di;3000.0;16;tpc.di.scheduler.CustomerMgmtUpdateRowWorker#worker#11;11271471;0;1;0;1198;372000000;383271471;2.941;1.185;
1700514110740;1;1;tpc-di;3000.0;16;tpc.di.scheduler.CustomerMgmtUpdateRowWorker#worker#12;11217501;0;1;0;1195;372000000;383217501;2.927;1.184;
1700514110740;1;1;tpc-di;3000.0;16;tpc.di.scheduler.CustomerMgmtUpdateRowWorker#worker#13;10750581;10000000;0;0;1149;372000000;382750581;2.809;1.176;
1700514110740;1;1;tpc-di;3000.0;16;tpc.di.scheduler.CustomerMgmtUpdateRowWorker#worker#14;9583740;0;0;0;1133;374000000;383583740;2.498;1.157;
1700514110740;1;1;tpc-di;3000.0;16;tpc.di.scheduler.CustomerMgmtUpdateRowWorker#worker#15;14524153;10000000;0;0;1105;369000000;383524153;3.787;1.238;
1700514110740;1;1;tpc-di;3000.0;16;tpc.di.scheduler.CustomerMgmtUpdateRowWorker#worker#2;20347071;10000000;1;0;1268;365000000;385347071;5.28;1.334;
1700514110740;1;1;tpc-di;3000.0;16;tpc.di.scheduler.CustomerMgmtUpdateRowWorker#worker#3;11692871;0;1;0;1280;374000000;385692871;3.032;1.192;
1700514110740;1;1;tpc-di;3000.0;16;tpc.di.scheduler.CustomerMgmtUpdateRowWorker#worker#4;12437734;0;0;0;1241;373000000;385437734;3.227;1.204;
1700514110740;1;1;tpc-di;3000.0;16;tpc.di.scheduler.CustomerMgmtUpdateRowWorker#worker#5;14469759;10000000;0;0;1240;370000000;384469759;3.764;1.237;
1700514110740;1;1;tpc-di;3000.0;16;tpc.di.scheduler.CustomerMgmtUpdateRowWorker#worker#6;18968194;10000000;1;0;1216;366000000;384968194;4.927;1.311;
1700514110740;1;1;tpc-di;3000.0;16;tpc.di.scheduler.CustomerMgmtUpdateRowWorker#worker#7;10052856;0;0;0;1230;375000000;385052856;2.611;1.165;
1700514110740;1;1;tpc-di;3000.0;16;tpc.di.scheduler.CustomerMgmtUpdateRowWorker#worker#8;9264323;0;1;0;1228;375000000;384264323;2.411;1.152;
1700514110740;1;1;tpc-di;3000.0;16;tpc.di.scheduler.CustomerMgmtUpdateRowWorker#worker#9;11291203;0;1;0;1206;373000000;384291203;2.938;1.185;
1718399517825;1;1;tpc-di;3000.0;16;ALL#SCHEDULERS;281026713749;137710000000;0;0;2364487;5664707000000;5945733713749;4.727;2728.091;
1718399517825;1;1;tpc-di;3000.0;16;ALL#pdgf.util.caching.experimental.BucketSortOutputFileWriterIMPL$HouseKeeper;8676218550;2180000000;0;0;309154;48271000000;56947218550;15.236;85.194;
1718399517825;1;1;tpc-di;3000.0;16;ALL#worker#0;3443451934;3130000000;2;0;21266;5929000000;9372451934;36.74;34.415;
1718399517825;1;1;tpc-di;3000.0;16;ALL#worker#1;3399842046;3140000000;4;0;22643;6161000000;9560842046;35.56;33.992;
1718399517825;1;1;tpc-di;3000.0;16;ALL#worker#10;2798375309;2590000000;7;1000000;20569;6765000000;9564375309;29.258;28.156;
1718399517825;1;1;tpc-di;3000.0;16;ALL#worker#11;2774399835;2570000000;7;1000000;20427;6878000000;9653399835;28.74;27.923;
1718399517825;1;1;tpc-di;3000.0;16;ALL#worker#12;2453286958;2220000000;6;1000000;20405;7133000000;9587286958;25.589;24.807;
1718399517825;1;1;tpc-di;3000.0;16;ALL#worker#13;2293338801;2110000000;5;1000000;20239;7376000000;9670338801;23.715;23.255;
1718399517825;1;1;tpc-di;3000.0;16;ALL#worker#14;2158905536;1980000000;7;1000000;20042;7503000000;9662905536;22.342;21.95;
1718399517825;1;1;tpc-di;3000.0;16;ALL#worker#15;2117813787;2010000000;2;0;19777;7533000000;9650813787;21.944;21.551;
1718399517825;1;1;tpc-di;3000.0;16;ALL#worker#2;3255798044;2990000000;3;0;21934;6155000000;9410798044;34.596;32.594;
1718399517825;1;1;tpc-di;3000.0;16;ALL#worker#3;3161589085;2910000000;5;0;21295;6306000000;9467589085;33.394;31.68;
1718399517825;1;1;tpc-di;3000.0;16;ALL#worker#4;3274902878;3070000000;6;1000000;20975;6268000000;9543902878;34.314;32.78;
1718399517825;1;1;tpc-di;3000.0;16;ALL#worker#5;3096973300;2850000000;6;4000000;20739;6265000000;9365973300;33.066;31.053;
1718399517825;1;1;tpc-di;3000.0;16;ALL#worker#6;3068678528;2840000000;6;1000000;20677;6391000000;9460678528;32.436;30.779;
1718399517825;1;1;tpc-di;3000.0;16;ALL#worker#7;3012028642;2800000000;5;5000000;20678;6408000000;9425028642;31.958;30.229;
1718399517825;1;1;tpc-di;3000.0;16;ALL#worker#8;3037605024;2790000000;8;2000000;20551;6450000000;9489605024;32.01;30.477;
1718399517825;1;1;tpc-di;3000.0;16;ALL#worker#9;3004235476;2790000000;4;2000000;20562;6578000000;9584235476;31.346;30.153;
1718399517825;1;1;tpc-di;3000.0;16;All#PausedThread;1002933433;560000000;2;0;9533;9018000000;10020933433;10.008;10.732;
1718399517825;1;1;tpc-di;3000.0;16;pdgf.core.dataGenerator.CDCUpdateProducer#ALL;406808106;0;1;0;4088;556000000;962808106;42.252;4.948;
1718399517825;1;1;tpc-di;3000.0;16;pdgf.core.dataGenerator.CDCUpdateProducer#BatchDate;1851638;0;0;0;5;0;1851638;100.0;1.018;
1718399517825;1;1;tpc-di;3000.0;16;pdgf.core.dataGenerator.CDCUpdateProducer#Customer;413287;0;0;0;2;0;413287;100.0;1.004;
1718399517825;1;1;tpc-di;3000.0;16;pdgf.core.dataGenerator.CDCUpdateProducer#DailyMarket;173127653;0;0;0;2705;428000000;601127653;28.8;2.68;
1718399517825;1;1;tpc-di;3000.0;16;pdgf.core.dataGenerator.CDCUpdateProducer#WatchHistory;106203412;0;0;0;1376;128000000;234203412;45.347;2.031;
1718399517825;1;1;tpc-di;3000.0;16;pdgf.core.dataGenerator.scheduler.DbDumpUpdateScheduler#Prospect;1489466;0;0;0;6;120000000;121489466;1.226;1.014;
1718399517825;1;1;tpc-di;3000.0;16;pdgf.core.dataGenerator.scheduler.DefaultScheduler#Date;250327;0;0;0;0;0;250327;100.0;1.002;
1718399517825;1;1;tpc-di;3000.0;16;pdgf.core.dataGenerator.scheduler.DefaultScheduler#HR;215444;0;0;0;0;0;215444;100.0;1.002;
1718399517825;1;1;tpc-di;3000.0;16;pdgf.core.dataGenerator.scheduler.DefaultScheduler#Industry;71751;0;0;0;0;0;71751;99.999;1.001;
1718399517825;1;1;tpc-di;3000.0;16;pdgf.core.dataGenerator.scheduler.DefaultScheduler#StatusType;1456310;0;0;0;0;0;1456310;100.0;1.014;
1718399517825;1;1;tpc-di;3000.0;16;pdgf.core.dataGenerator.scheduler.DefaultScheduler#TaxRate;224519;0;0;0;0;0;224519;100.0;1.002;
1718399517825;1;1;tpc-di;3000.0;16;pdgf.core.dataGenerator.scheduler.DefaultScheduler#Time;236372;0;0;0;0;0;236372;100.0;1.002;
1718399517825;1;1;tpc-di;3000.0;16;pdgf.core.dataGenerator.scheduler.DefaultScheduler#TradeType;117762;0;0;0;0;0;117762;99.999;1.001;
1718399517825;1;1;tpc-di;3000.0;16;pdgf.core.dataGenerator.scheduler.UpdateScheduler#Account;601728;0;0;0;3;2000000;2601728;23.128;1.006;
1718399517825;1;1;tpc-di;3000.0;16;pdgf.core.dataGenerator.scheduler.UpdateScheduler#BatchDate;1531947;0;0;0;8;4000000;5531947;27.693;1.015;
1718399517825;1;1;tpc-di;3000.0;16;pdgf.core.dataGenerator.scheduler.UpdateScheduler#Customer;780963;0;0;0;3;1000000;1780963;43.851;1.008;
1718399517825;1;1;tpc-di;3000.0;16;pdgf.core.dataGenerator.scheduler.UpdateScheduler#DailyMarket;33375494914;13740000000;0;0;291062;643189000000;676564494914;4.933;324.877;
1718399517825;1;1;tpc-di;3000.0;16;pdgf.core.dataGenerator.scheduler.UpdateScheduler#FINWIRE;2985414791;1130000000;0;0;22239;75122000000;78107414791;3.822;29.971;
1718399517825;1;1;tpc-di;3000.0;16;pdgf.core.dataGenerator.scheduler.UpdateScheduler#TradeSource;234352528579;116210000000;0;0;1950328;4750377000000;4984729528579;4.701;2275.163;
1718399517825;1;1;tpc-di;3000.0;16;pdgf.core.dataGenerator.scheduler.UpdateScheduler#WatchHistory;9957910846;6490000000;0;0;100615;195890000000;205847910846;4.838;97.632;
1718399517825;1;1;tpc-di;3000.0;16;pdgf.core.dataGenerator.worker.DbDumpRowWorker#worker#0;73793581;70000000;0;0;10;47000000;120793581;61.091;1.716;
1718399517825;1;1;tpc-di;3000.0;16;pdgf.core.dataGenerator.worker.DbDumpRowWorker#worker#1;100493929;100000000;0;0;13;51000000;151493929;66.335;1.975;
1718399517825;1;1;tpc-di;3000.0;16;pdgf.core.dataGenerator.worker.DbDumpRowWorker#worker#10;92321543;90000000;0;0;11;49000000;141321543;65.327;1.896;
1718399517825;1;1;tpc-di;3000.0;16;pdgf.core.dataGenerator.worker.DbDumpRowWorker#worker#11;114398062;110000000;1;0;12;34000000;148398062;77.089;2.11;
1718399517825;1;1;tpc-di;3000.0;16;pdgf.core.dataGenerator.worker.DbDumpRowWorker#worker#12;100728965;100000000;0;0;11;32000000;132728965;75.891;1.977;
1718399517825;1;1;tpc-di;3000.0;16;pdgf.core.dataGenerator.worker.DbDumpRowWorker#worker#13;90951046;90000000;0;0;10;34000000;124951046;72.789;1.883;
1718399517825;1;1;tpc-di;3000.0;16;pdgf.core.dataGenerator.worker.DbDumpRowWorker#worker#14;85328135;80000000;0;0;9;28000000;113328135;75.293;1.828;
1718399517825;1;1;tpc-di;3000.0;16;pdgf.core.dataGenerator.worker.DbDumpRowWorker#worker#15;100261309;100000000;0;0;12;42000000;142261309;70.477;1.973;
1718399517825;1;1;tpc-di;3000.0;16;pdgf.core.dataGenerator.worker.DbDumpRowWorker#worker#2;86158405;80000000;0;0;10;44000000;130158405;66.195;1.836;
1718399517825;1;1;tpc-di;3000.0;16;pdgf.core.dataGenerator.worker.DbDumpRowWorker#worker#3;94172002;90000000;0;0;11;50000000;144172002;65.319;1.914;
1718399517825;1;1;tpc-di;3000.0;16;pdgf.core.dataGenerator.worker.DbDumpRowWorker#worker#4;98717568;90000000;0;0;10;35000000;133717568;73.825;1.958;
1718399517825;1;1;tpc-di;3000.0;16;pdgf.core.dataGenerator.worker.DbDumpRowWorker#worker#5;97261970;90000000;0;0;12;35000000;132261970;73.537;1.944;
1718399517825;1;1;tpc-di;3000.0;16;pdgf.core.dataGenerator.worker.DbDumpRowWorker#worker#6;98226340;90000000;0;0;11;49000000;147226340;66.718;1.953;
1718399517825;1;1;tpc-di;3000.0;16;pdgf.core.dataGenerator.worker.DbDumpRowWorker#worker#7;59195450;50000000;0;0;12;66000000;125195450;47.282;1.574;
1718399517825;1;1;tpc-di;3000.0;16;pdgf.core.dataGenerator.worker.DbDumpRowWorker#worker#8;106330482;100000000;0;0;14;51000000;157330482;67.584;2.032;
1718399517825;1;1;tpc-di;3000.0;16;pdgf.core.dataGenerator.worker.DbDumpRowWorker#worker#9;111443617;110000000;0;0;10;20000000;131443617;84.784;2.081;
1718399517825;1;1;tpc-di;3000.0;16;pdgf.core.dataGenerator.worker.RowWorker#worker#0;427843382;420000000;1;0;23;152000000;579843382;73.786;5.152;
1718399517825;1;1;tpc-di;3000.0;16;pdgf.core.dataGenerator.worker.RowWorker#worker#1;494224956;480000000;1;0;22;131000000;625224956;79.048;5.796;
1718399517825;1;1;tpc-di;3000.0;16;pdgf.core.dataGenerator.worker.RowWorker#worker#10;396608648;380000000;3;0;23;161000000;557608648;71.127;4.849;
1718399517825;1;1;tpc-di;3000.0;16;pdgf.core.dataGenerator.worker.RowWorker#worker#11;504068247;490000000;2;0;20;140000000;644068247;78.263;5.891;
1718399517825;1;1;tpc-di;3000.0;16;pdgf.core.dataGenerator.worker.RowWorker#worker#12;404177252;380000000;3;0;21;177000000;581177252;69.545;4.922;
1718399517825;1;1;tpc-di;3000.0;16;pdgf.core.dataGenerator.worker.RowWorker#worker#13;444522534;430000000;1;0;21;177000000;621522534;71.522;5.314;
1718399517825;1;1;tpc-di;3000.0;16;pdgf.core.dataGenerator.worker.RowWorker#worker#14;425475382;410000000;4;0;21;178000000;603475382;70.504;5.129;
1718399517825;1;1;tpc-di;3000.0;16;pdgf.core.dataGenerator.worker.RowWorker#worker#15;412448222;400000000;0;0;19;141000000;553448222;74.523;5.002;
1718399517825;1;1;tpc-di;3000.0;16;pdgf.core.dataGenerator.worker.RowWorker#worker#2;416733304;400000000;1;0;19;103000000;519733304;80.182;5.044;
1718399517825;1;1;tpc-di;3000.0;16;pdgf.core.dataGenerator.worker.RowWorker#worker#3;397943281;390000000;1;0;20;106000000;503943281;78.966;4.862;
1718399517825;1;1;tpc-di;3000.0;16;pdgf.core.dataGenerator.worker.RowWorker#worker#4;487825524;480000000;2;0;21;127000000;614825524;79.344;5.734;
1718399517825;1;1;tpc-di;3000.0;16;pdgf.core.dataGenerator.worker.RowWorker#worker#5;351748924;340000000;2;4000000;19;143000000;498748924;70.526;4.413;
1718399517825;1;1;tpc-di;3000.0;16;pdgf.core.dataGenerator.worker.RowWorker#worker#6;400848393;390000000;3;0;19;135000000;535848393;74.806;4.89;
1718399517825;1;1;tpc-di;3000.0;16;pdgf.core.dataGenerator.worker.RowWorker#worker#7;381929286;370000000;4;4000000;21;177000000;562929286;67.847;4.706;
1718399517825;1;1;tpc-di;3000.0;16;pdgf.core.dataGenerator.worker.RowWorker#worker#8;388299136;380000000;3;0;20;157000000;545299136;71.208;4.768;
1718399517825;1;1;tpc-di;3000.0;16;pdgf.core.dataGenerator.worker.RowWorker#worker#9;449050943;440000000;2;0;21;161000000;610050943;73.609;5.358;
1718399517825;1;1;tpc-di;3000.0;16;pdgf.core.dataGenerator.worker.UpdateRowWorker#worker#0;2725970814;2440000000;0;0;20129;5404000000;8129970814;33.53;27.453;
1718399517825;1;1;tpc-di;3000.0;16;pdgf.core.dataGenerator.worker.UpdateRowWorker#worker#1;2711378620;2470000000;2;0;21377;5525000000;8236378620;32.92;27.311;
1718399517825;1;1;tpc-di;3000.0;16;pdgf.core.dataGenerator.worker.UpdateRowWorker#worker#10;2294479624;2110000000;3;1000000;19260;6025000000;8320479624;27.576;23.266;
1718399517825;1;1;tpc-di;3000.0;16;pdgf.core.dataGenerator.worker.UpdateRowWorker#worker#11;2141651595;1970000000;2;1000000;19125;6174000000;8316651595;25.751;21.783;
1718399517825;1;1;tpc-di;3000.0;16;pdgf.core.dataGenerator.worker.UpdateRowWorker#worker#12;1933598835;1740000000;2;1000000;19111;6395000000;8329598835;23.214;19.764;
1718399517825;1;1;tpc-di;3000.0;16;pdgf.core.dataGenerator.worker.UpdateRowWorker#worker#13;1743015007;1580000000;2;1000000;18957;6636000000;8380015007;20.8;17.914;
1718399517825;1;1;tpc-di;3000.0;16;pdgf.core.dataGenerator.worker.UpdateRowWorker#worker#14;1632656275;1490000000;1;1000000;18769;6769000000;8402656275;19.43;16.843;
1718399517825;1;1;tpc-di;3000.0;16;pdgf.core.dataGenerator.worker.UpdateRowWorker#worker#15;1588045079;1500000000;1;0;18510;6824000000;8412045079;18.878;16.41;
1718399517825;1;1;tpc-di;3000.0;16;pdgf.core.dataGenerator.worker.UpdateRowWorker#worker#2;2716803584;2480000000;1;0;20625;5499000000;8215803584;33.068;27.364;
1718399517825;1;1;tpc-di;3000.0;16;pdgf.core.dataGenerator.worker.UpdateRowWorker#worker#3;2650184414;2430000000;2;0;19968;5622000000;8272184414;32.037;26.717;
1718399517825;1;1;tpc-di;3000.0;16;pdgf.core.dataGenerator.worker.UpdateRowWorker#worker#4;2672748823;2500000000;2;1000000;19647;5576000000;8249748823;32.398;26.936;
1718399517825;1;1;tpc-di;3000.0;16;pdgf.core.dataGenerator.worker.UpdateRowWorker#worker#5;2631699024;2420000000;3;0;19408;5558000000;8189699024;32.134;26.538;
1718399517825;1;1;tpc-di;3000.0;16;pdgf.core.dataGenerator.worker.UpdateRowWorker#worker#6;2554000991;2360000000;2;1000000;19360;5678000000;8233000991;31.022;25.784;
1718399517825;1;1;tpc-di;3000.0;16;pdgf.core.dataGenerator.worker.UpdateRowWorker#worker#7;2554501882;2380000000;1;1000000;19352;5636000000;8191501882;31.185;25.789;
1718399517825;1;1;tpc-di;3000.0;16;pdgf.core.dataGenerator.worker.UpdateRowWorker#worker#8;2529111131;2310000000;2;2000000;19230;5711000000;8242111131;30.685;25.543;
1718399517825;1;1;tpc-di;3000.0;16;pdgf.core.dataGenerator.worker.UpdateRowWorker#worker#9;2430145297;2240000000;1;2000000;19248;5866000000;8298145297;29.285;24.582;
1718399517825;1;1;tpc-di;3000.0;16;tpc.di.CustomerAccountBlackBox$CustomerAccountUpdateProducer#ALL;746386;0;0;0;1;0;746386;100.0;1.007;
1718399517825;1;1;tpc-di;3000.0;16;tpc.di.CustomerAccountBlackBox$CustomerAccountUpdateProducer#Account;524816;0;0;0;1;0;524816;100.0;1.005;
1718399517825;1;1;tpc-di;3000.0;16;tpc.di.MergeUpdateBlackBox$MergeUpdateProducer#FINWIRE;58602194;0;0;0;871;169000000;227602194;25.748;1.569;
1718399517825;1;1;tpc-di;3000.0;16;tpc.di.TradeSourceUpdateBlackBox$TradeSourceUpdateProducer#ALL;564520497;0;0;0;8087;1219000000;1783520497;31.652;6.478;
1718399517825;1;1;tpc-di;3000.0;16;tpc.di.TradeSourceUpdateBlackBox$TradeSourceUpdateProducer#TradeSource;398358501;0;0;0;8087;1219000000;1617358501;24.63;4.866;
1718399517825;1;1;tpc-di;3000.0;16;tpc.di.scheduler.CustomerMgmtScheduler#CustomerMgmt;86169399;0;0;0;223;2000000;88169399;97.732;1.836;
1718399517825;1;1;tpc-di;3000.0;16;tpc.di.scheduler.CustomerMgmtUpdateRowWorker#worker#0;214541353;200000000;0;0;1104;326000000;540541353;39.69;3.082;
1718399517825;1;1;tpc-di;3000.0;16;tpc.di.scheduler.CustomerMgmtUpdateRowWorker#worker#1;92477238;90000000;0;0;1231;454000000;546477238;16.922;1.897;
1718399517825;1;1;tpc-di;3000.0;16;tpc.di.scheduler.CustomerMgmtUpdateRowWorker#worker#10;13926066;10000000;0;0;1275;530000000;543926066;2.56;1.135;
1718399517825;1;1;tpc-di;3000.0;16;tpc.di.scheduler.CustomerMgmtUpdateRowWorker#worker#11;12989597;0;0;0;1270;530000000;542989597;2.392;1.126;
1718399517825;1;1;tpc-di;3000.0;16;tpc.di.scheduler.CustomerMgmtUpdateRowWorker#worker#12;13582453;0;1;0;1262;529000000;542582453;2.503;1.132;
1718399517825;1;1;tpc-di;3000.0;16;tpc.di.scheduler.CustomerMgmtUpdateRowWorker#worker#13;13924156;10000000;1;0;1251;529000000;542924156;2.565;1.135;
1718399517825;1;1;tpc-di;3000.0;16;tpc.di.scheduler.CustomerMgmtUpdateRowWorker#worker#14;14492588;0;1;0;1243;528000000;542492588;2.671;1.141;
1718399517825;1;1;tpc-di;3000.0;16;tpc.di.scheduler.CustomerMgmtUpdateRowWorker#worker#15;15995293;10000000;0;0;1236;526000000;541995293;2.951;1.155;
1718399517825;1;1;tpc-di;3000.0;16;tpc.di.scheduler.CustomerMgmtUpdateRowWorker#worker#2;35073237;30000000;0;0;1280;509000000;544073237;6.446;1.34;
1718399517825;1;1;tpc-di;3000.0;16;tpc.di.scheduler.CustomerMgmtUpdateRowWorker#worker#3;18100725;0;0;0;1296;528000000;546100725;3.315;1.176;
1718399517825;1;1;tpc-di;3000.0;16;tpc.di.scheduler.CustomerMgmtUpdateRowWorker#worker#4;14509646;0;0;0;1297;530000000;544509646;2.665;1.141;
1718399517825;1;1;tpc-di;3000.0;16;tpc.di.scheduler.CustomerMgmtUpdateRowWorker#worker#5;15401321;0;1;0;1300;529000000;544401321;2.829;1.149;
1718399517825;1;1;tpc-di;3000.0;16;tpc.di.scheduler.CustomerMgmtUpdateRowWorker#worker#6;14431825;0;0;0;1287;529000000;543431825;2.656;1.14;
1718399517825;1;1;tpc-di;3000.0;16;tpc.di.scheduler.CustomerMgmtUpdateRowWorker#worker#7;15222115;0;0;0;1293;529000000;544222115;2.797;1.148;
1718399517825;1;1;tpc-di;3000.0;16;tpc.di.scheduler.CustomerMgmtUpdateRowWorker#worker#8;12731330;0;1;0;1287;531000000;543731330;2.341;1.124;
1718399517825;1;1;tpc-di;3000.0;16;tpc.di.scheduler.CustomerMgmtUpdateRowWorker#worker#9;12736841;0;1;0;1283;531000000;543736841;2.342;1.124;
